t,BDF1_H,BDF2_H,Midpoint_H
0.000000000000000000e+00,4.099422709331579817e+00,4.099422709331579817e+00,4.099422709331579817e+00
1.000000000000000021e-02,4.099342099086324964e+00,4.099342099086324964e+00,4.099422708823698080e+00
2.000000000000000042e-02,4.099261333589526934e+00,4.099315172389250250e+00,4.099422694283092028e+00
2.999999999999999889e-02,4.099180172701591296e+00,4.099305995227436661e+00,4.099422595280936221e+00
4.000000000000000083e-02,4.099098264363992605e+00,4.099302429446478158e+00,4.099422235010012017e+00
5.000000000000000278e-02,4.099015108349426839e+00,4.099300165576696742e+00,4.099421288123951790e+00
5.999999999999999778e-02,4.098930027035994961e+00,4.099297371200026241e+00,4.099419246390574756e+00
7.000000000000000666e-02,4.098842143132214844e+00,4.099292890574702142e+00,4.099415392060663521e+00
8.000000000000000167e-02,4.098750364228784804e+00,4.099285634716801852e+00,4.099408778799473296e+00
8.999999999999999667e-02,4.098653373992640958e+00,4.099274373125107118e+00,4.099398219964129453e+00
1.000000000000000056e-01,4.098549629751721213e+00,4.099257663772529092e+00,4.099382283938580507e+00
1.100000000000000006e-01,4.098437366147554606e+00,4.099233833376817238e+00,4.099359296162356614e+00
1.199999999999999956e-01,4.098314604460493449e+00,4.099200978379423432e+00,4.099327347412790701e+00
1.300000000000000044e-01,4.098179167142041557e+00,4.099156976451674872e+00,4.099284307826444262e+00
1.400000000000000133e-01,4.098028697023122113e+00,4.099099504743790590e+00,4.099227846076743731e+00
1.499999999999999944e-01,4.097860680609196393e+00,4.099026063175590373e+00,4.099155453064835974e+00
1.600000000000000033e-01,4.097672474825082567e+00,4.098934001727582377e+00,4.099064469431404234e+00
1.700000000000000122e-01,4.097461336536324161e+00,4.098820550889276326e+00,4.098952116161033388e+00
1.799999999999999933e-01,4.097224454151392692e+00,4.098682854477043946e+00,4.098815527529060532e+00
1.900000000000000022e-01,4.096958980600782674e+00,4.098518004052985830e+00,4.098651785634587874e+00
2.000000000000000111e-01,4.096662066995699902e+00,4.098323074193985782e+00,4.098457955772729200e+00
2.099999999999999922e-01,4.096330896290081292e+00,4.098095157887441609e+00,4.098231121923741505e+00
2.200000000000000011e-01,4.095962716304461182e+00,4.097831401369954385e+00,4.097968421675640016e+00
2.300000000000000100e-01,4.095554871517312456e+00,4.097529037777156269e+00,4.097667079948519309e+00
2.399999999999999911e-01,4.095104833087325424e+00,4.097185419035332288e+00,4.097324440951234159e+00
2.500000000000000000e-01,4.094610226636355321e+00,4.096798045496590213e+00,4.096937997872191595e+00
2.600000000000000089e-01,4.094068857395382288e+00,4.096364592896283519e+00,4.096505419883061272e+00
2.700000000000000178e-01,4.093478732392314967e+00,4.095882936292146503e+00,4.096024576114945859e+00
2.800000000000000266e-01,4.092838079438315013e+00,4.095351170726156731e+00,4.095493556348231756e+00
2.899999999999999800e-01,4.092145362746509640e+00,4.094767628430548534e+00,4.094910688237849428e+00
2.999999999999999889e-01,4.091399295091095567e+00,4.094130892476381511e+00,4.094274550972637705e+00
3.099999999999999978e-01,4.090598846484341244e+00,4.093439806834688888e+00,4.093583985339332543e+00
3.200000000000000067e-01,4.089743249412312487e+00,4.092693482885344736e+00,4.092838100226777520e+00
3.300000000000000155e-01,4.088832000726132065e+00,4.091891302466060587e+00,4.092036275663370581e+00
3.400000000000000244e-01,4.087864860333533912e+00,4.091032917602764662e+00,4.091178162529645945e+00
3.500000000000000333e-01,4.086841846875007178e+00,4.090118247102835447e+00,4.090263679128130825e+00
3.599999999999999867e-01,4.085763230599898321e+00,4.089147470224140157e+00,4.089293004824189559e+00
3.699999999999999956e-01,4.084629523680736618e+00,4.088121017656027867e+00,4.088266570994750992e+00
3.800000000000000044e-01,4.083441468219323411e+00,4.087039560064012811e+00,4.087185049537366055e+00
3.900000000000000133e-01,4.082200022206405876e+00,4.085903994458373489e+00,4.086049339200668484e+00
4.000000000000000222e-01,4.080906343699186145e+00,4.084715428649800195e+00,4.084860549999982382e+00
4.100000000000000311e-01,4.079561773478077136e+00,4.083475164052787321e+00,4.083619985979526135e+00
4.199999999999999845e-01,4.078167816437463955e+00,4.082184677091525771e+00,4.082329126576563993e+00
4.299999999999999933e-01,4.076726121955420723e+00,4.080845599454045569e+00,4.080989606833827388e+00
4.400000000000000022e-01,4.075238463475558959e+00,4.079459697429577147e+00,4.079603196695636314e+00
4.500000000000000111e-01,4.073706717521152321e+00,4.078028850552268381e+00,4.078171779611289516e+00
4.600000000000000200e-01,4.072132842348288762e+00,4.076555029762293003e+00,4.076697330657085061e+00
4.700000000000000289e-01,4.070518856431605492e+00,4.075040275283675406e+00,4.075181894376498803e+00
4.799999999999999822e-01,4.068866816963673472e+00,4.073486674407154950e+00,4.073627562527090795e+00
4.899999999999999911e-01,4.067178798537666395e+00,4.071896339356633199e+00,4.072036451912686594e+00
5.000000000000000000e-01,4.065456872172758196e+00,4.070271385409125031e+00,4.070410682470845032e+00
5.100000000000000089e-01,4.063703085109238167e+00,4.068613909708714615e+00,4.068752355865052017e+00
5.200000000000000178e-01,4.061919448559936363e+00,4.066925978011577847e+00,4.067063541359901002e+00
5.300000000000000266e-01,4.060107945603710355e+00,4.065209631619782549e+00,4.065346283510621994e+00
5.400000000000000355e-01,4.058270549336270960e+00,4.063466904573307836e+00,4.063602619526921700e+00
5.500000000000000444e-01,4.056409244488590637e+00,4.061699844290559192e+00,4.061834599901009923e+00
5.600000000000000533e-01,4.054526052103708977e+00,4.059910535263850484e+00,4.060044312092200514e+00
5.700000000000000622e-01,4.052623057141550689e+00,4.058101125695588784e+00,4.058233907152610342e+00
5.799999999999999600e-01,4.050702438905347869e+00,4.056273856984456749e+00,4.056405629202442853e+00
5.899999999999999689e-01,4.048766504228353824e+00,4.054431096015415292e+00,4.054561847707932820e+00
5.999999999999999778e-01,4.046817723428410396e+00,4.052575370275580013e+00,4.052705092583344992e+00
6.099999999999999867e-01,4.044858769132916088e+00,4.050709405912104266e+00,4.050838092232526222e+00
6.199999999999999956e-01,4.042892558198990294e+00,4.048836168969284444e+00,4.048963814766645797e+00
6.300000000000000044e-01,4.040922297103374028e+00,4.046958910190616265e+00,4.047085512783399786e+00
6.400000000000000133e-01,4.038951531353447422e+00,4.045081213946749799e+00,4.045206772268120865e+00
6.500000000000000222e-01,4.036984199672502882e+00,4.043207052050402872e+00,4.043331566377655228e+00
6.600000000000000311e-01,4.035024693936698270e+00,4.041340843441764363e+00,4.041464315090257386e+00
6.700000000000000400e-01,4.033077926083727505e+00,4.039487520968456202e+00,4.039609951945636546e+00
6.800000000000000488e-01,4.031149403469467707e+00,4.037652606738439509e+00,4.037773999353578169e+00
6.900000000000000577e-01,4.029245314412882806e+00,4.035842297786008892e+00,4.035962654211616041e+00
7.000000000000000666e-01,4.027372625934427575e+00,4.034063564053942841e+00,4.034182885835281063e+00
7.099999999999999645e-01,4.025539195951963301e+00,4.032324260951464900e+00,4.032442548461207643e+00
7.199999999999999734e-01,4.023753902442519959e+00,4.030633258989969825e+00,4.030750510825894750e+00
7.299999999999999822e-01,4.022026792299946862e+00,4.029000593218180271e+00,4.029116805542773960e+00
7.399999999999999911e-01,4.020369252808781546e+00,4.027437635366988289e+00,4.027552801189025367e+00
7.500000000000000000e-01,4.018794208805051227e+00,4.025957291762960466e+00,4.026071400162478220e+00
7.600000000000000089e-01,4.017316348696512662e+00,4.024574230170123279e+00,4.024687265469675701e+00
7.700000000000000178e-01,4.015952382560127099e+00,4.023305138763895172e+00,4.023417079650634776e+00
7.800000000000000266e-01,4.014721335515572420e+00,4.022169020421537233e+00,4.022279839026399628e+00
7.900000000000000355e-01,4.013644879483696748e+00,4.021187525423411735e+00,4.021297186365547560e+00
8.000000000000000444e-01,4.012747706271977854e+00,4.020385325492771500e+00,4.020493784899224821e+00
8.100000000000000533e-01,4.012057944680558208e+00,4.019790531854016358e+00,4.019897736366644381e+00
8.200000000000000622e-01,4.011607623988615146e+00,4.019435159656555179e+00,4.019541045440117699e+00
8.300000000000000711e-01,4.011433185759408104e+00,4.019355640691522957e+00,4.019460132458793744e+00
8.399999999999999689e-01,4.011576045392688528e+00,4.019593385820453335e+00,4.019696395892108143e+00
8.499999999999999778e-01,4.012083204255408653e+00,4.020195397939206217e+00,4.020296825358046000e+00
8.599999999999999867e-01,4.013007912538598454e+00,4.021214935619152442e+00,4.021314665339920325e+00
8.699999999999999956e-01,4.014410382223042362e+00,4.022712226804078917e+00,4.022810128981722855e+00
8.800000000000000044e-01,4.016358548694646480e+00,4.024755231100971109e+00,4.024851160501675018e+00
8.900000000000000133e-01,4.018928878638661217e+00,4.027420448292124533e+00,4.027514243852668763e+00
9.000000000000000222e-01,4.022207220868749822e+00,4.030793769723175046e+00,4.030885254285423436e+00
9.100000000000000311e-01,4.026289695721908757e+00,4.034971368196477393e+00,4.035060348444639899e+00
9.200000000000000400e-01,4.031283617584780821e+00,4.040060620932504953e+00,4.040146887561734346e+00
9.300000000000000488e-01,4.037308444023416598e+00,4.046181059066665142e+00,4.046264387212066715e+00
9.400000000000000577e-01,4.044496743881089706e+00,4.053465336038391875e+00,4.053545485994058950e+00
9.500000000000000666e-01,4.052995175602198685e+00,4.062060206119314287e+00,4.062136924377177216e+00
9.599999999999999645e-01,4.062965465950985511e+00,4.072127503233477164e+00,4.072200523871845057e+00
9.699999999999999734e-01,4.074585378238922750e+00,4.083845109162868248e+00,4.083914155614364105e+00
9.799999999999999822e-01,4.088049658172072220e+00,4.097407899223901140e+00,4.097472686452053203e+00
9.899999999999999911e-01,4.103570944498785344e+00,4.113028652564469922e+00,4.113088889677495530e+00
1.000000000000000000e+00,4.121380630797629507e+00,4.130938913386383859e+00,4.130994306715625619e+00
1.010000000000000009e+00,4.141729664015868728e+00,4.151389788664972436e+00,4.151440045333916196e+00
1.020000000000000018e+00,4.164889264769693789e+00,4.174652667336723688e+00,4.174697499344509843e+00
1.030000000000000027e+00,4.191151553969030275e+00,4.201019845477858006e+00,4.201058974318511829e+00
1.040000000000000036e+00,4.220830070051660776e+00,4.230805041721699133e+00,4.230838203556862354e+00
1.050000000000000044e+00,4.254260161022348719e+00,4.264343787080105308e+00,4.264370738478751477e+00
1.060000000000000053e+00,4.291799235610723073e+00,4.301993673462553680e+00,4.302014197715743116e+00
1.070000000000000062e+00,4.333826858202907140e+00,4.344134445542038314e+00,4.344148359554174554e+00
1.080000000000000071e+00,4.380744672780465088e+00,4.391167921214363723e+00,4.391175082964415388e+00
1.090000000000000080e+00,4.432976141927701619e+00,4.443517726747935548e+00,4.443518043304559129e+00
1.100000000000000089e+00,4.490966088052791960e+00,4.501628833832761245e+00,4.501622269896040862e+00
1.110000000000000098e+00,4.555180025313805281e+00,4.565966887113297012e+00,4.565953474042840021e+00
1.120000000000000107e+00,4.626103272346830053e+00,4.637017312428556082e+00,4.636997157702920980e+00
1.130000000000000115e+00,4.704239837754174758e+00,4.715284197876837169e+00,4.715257494912648895e+00
1.140000000000000124e+00,4.790111072413794524e+00,4.801288941957528422e+00,4.801255980198465778e+00
1.150000000000000133e+00,4.884254084998154610e+00,4.895568665397497021e+00,4.895529840563673574e+00
1.159999999999999920e+00,4.987219919615578867e+00,4.998674385816031851e+00,4.998630210183738320e+00
1.169999999999999929e+00,5.099571497176938806e+00,5.111168957084192499e+00,5.111120069644885966e+00
1.179999999999999938e+00,5.221881324904773081e+00,5.233624778048310944e+00,5.233571954375118906e+00
1.189999999999999947e+00,5.354728981293605194e+00,5.366621278163630215e+00,5.366565439794212189e+00
1.199999999999999956e+00,5.498698386746440292e+00,5.510742190467472490e+00,5.510684413595094533e+00
1.209999999999999964e+00,5.654374872995181711e+00,5.666572625152669573e+00,5.666514148404129259e+00
1.219999999999999973e+00,5.822342067202041171e+00,5.834695959720965774e+00,5.834638190791718415e+00
1.229999999999999982e+00,6.003178609272890931e+00,6.015690564241990224e+00,6.015635085157273743e+00
1.239999999999999991e+00,6.197454723333319926e+00,6.210126382560445357e+00,6.210074953337202608e+00
1.250000000000000000e+00,6.405728666468079702e+00,6.418561392330957460e+00,6.418515952830780691e+00
1.260000000000000009e+00,6.628543079658061998e+00,6.641537968476226794e+00,6.641500638264507650e+00
1.270000000000000018e+00,6.866421267327575073e+00,6.879579176028784104e+00,6.879552252090888054e+00
1.280000000000000027e+00,7.119863433014285370e+00,7.133185019313896369e+00,7.133170971524860349e+00
1.290000000000000036e+00,7.389342899383350982e+00,7.402828675058245267e+00,7.402830139357703843e+00
1.300000000000000044e+00,7.675302341130212369e+00,7.688952737278279770e+00,7.688972506565509235e+00
1.310000000000000053e+00,7.978150059272815398e+00,7.991965501740174282e+00,7.992006514572945086e+00
1.320000000000000062e+00,8.298256324955874064e+00,8.312237317427173977e+00,8.312302644680025665e+00
1.330000000000000071e+00,8.635949820223215667e+00,8.650097031848167362e+00,8.650189861556738080e+00
1.340000000000000080e+00,8.991514202311154946e+00,9.005828556224967585e+00,9.005952176910284379e+00
1.350000000000000089e+00,9.365184816936594103e+00,9.379667575661265744e+00,9.379825358486758802e+00
1.360000000000000098e+00,9.757145584855786424e+00,9.771798428374832923e+00,9.771993808536480586e+00
1.370000000000000107e+00,1.016752608471104757e+01,1.018235117701450143e+01,1.018258763479728479e+01
1.380000000000000115e+00,1.059639885391156611e+01,1.061139889402211445e+01,1.061167993597209680e+01
1.390000000000000124e+00,1.104377692805037192e+01,1.105895518196557070e+01,1.105928432262434313e+01
1.400000000000000133e+00,1.150961163816933208e+01,1.152497194877645548e+01,1.152535269340377333e+01
1.409999999999999920e+00,1.199379068406096316e+01,1.200933745687843057e+01,1.200977328554972345e+01
1.419999999999999929e+00,1.249613650074020299e+01,1.251187466428099704e+01,1.251236901769082976e+01
1.429999999999999938e+00,1.301640493421680667e+01,1.303233987481686285e+01,1.303289614205009173e+01
1.439999999999999947e+00,1.355428424172674617e+01,1.357042171379181283e+01,1.357104322224374648e+01
1.449999999999999956e+00,1.410939443060368426e+01,1.412574044435606524e+01,1.412643045189486379e+01
1.459999999999999964e+00,1.468128694894824626e+01,1.469784763885300372e+01,1.469860932822568422e+01
1.469999999999999973e+00,1.526944474013791897e+01,1.528622621821006256e+01,1.528706269360063530e+01
1.479999999999999982e+00,1.587328267196345166e+01,1.589029087105767957e+01,1.589120515661630151e+01
1.489999999999999991e+00,1.649214834973051325e+01,1.650938886264971117e+01,1.651038390272739420e+01
1.500000000000000000e+00,1.712532332097754662e+01,1.714280124176534059e+01,1.714387990251368166e+01
1.510000000000000009e+00,1.777202467748984560e+01,1.778974445155975914e+01,1.779090952349109500e+01
1.520000000000000018e+00,1.843140705799458345e+01,1.844937234776446999e+01,1.845062654881864006e+01
1.530000000000000027e+00,1.910256505227522794e+01,1.912077862469947220e+01,1.912212460333018882e+01
1.540000000000000036e+00,1.978453600442735194e+01,1.980299964624100895e+01,1.980443998402106587e+01
1.550000000000000044e+00,2.047630320959001438e+01,2.049501767520400008e+01,2.049655488845603557e+01
1.560000000000000053e+00,2.117679949474796430e+01,2.119576449058256173e+01,2.119740103057135272e+01
1.570000000000000062e+00,2.188491117014529763e+01,2.190412537780104785e+01,2.190586362907644613e+01
1.580000000000000071e+00,2.259948233354894143e+01,2.261894347264565042e+01,2.262078574919978280e+01
1.590000000000000080e+00,2.331931950513260432e+01,2.333902443497250800e+01,2.334097297397062576e+01
1.600000000000000089e+00,2.404319656623130541e+01,2.406314142374732867e+01,2.406519837670329309e+01
1.610000000000000098e+00,2.476985997076701906e+01,2.479004034059292749e+01,2.479220776198441456e+01
1.620000000000000107e+00,2.549803419390702430e+01,2.551844530494704344e+01,2.552072513839429391e+01
1.630000000000000115e+00,2.622642737863053242e+01,2.624706432029411474e+01,2.624945838255341002e+01
1.640000000000000124e+00,2.695373713748348976e+01,2.697459508785700422e+01,2.697710505099798795e+01
1.650000000000000133e+00,2.767865646401995150e+01,2.769973092171833429e+01,2.770235829395555172e+01
1.660000000000000142e+00,2.839987970636274994e+01,2.842116671766311953e+01,2.842391282339167091e+01
1.669999999999999929e+00,2.911610855404045850e+01,2.913760492714202144e+01,2.914047088677899566e+01
1.679999999999999938e+00,2.982605798880879533e+01,2.984776148765985937e+01,2.985074819791650569e+01
1.689999999999999947e+00,3.052846215055309642e+01,3.055037166158406592e+01,3.055347977678660598e+01
1.699999999999999956e+00,3.122208007056184087e+01,3.124419573679663387e+01,3.124742565183945686e+01
1.709999999999999964e+00,3.190570122640732720e+01,3.192802454471874896e+01,3.193137638017469371e+01
1.719999999999999973e+00,3.257815087528815212e+01,3.260068475393799758e+01,3.260415834377216981e+01
1.729999999999999982e+00,3.323829512588359592e+01,3.326104390087407126e+01,3.326463878311557210e+01
1.739999999999999991e+00,3.388504571244214247e+01,3.390801512253992911e+01,3.391173053316530428e+01
1.750000000000000000e+00,3.451736443886674977e+01,3.454056156039692382e+01,3.454439643057583709e+01
1.760000000000000009e+00,3.513426726487116980e+01,3.515770040848164513e+01,3.516165336523337714e+01
1.770000000000000018e+00,3.573482801076673354e+01,3.575850658331678034e+01,3.576257595353039420e+01
1.780000000000000027e+00,3.631818166201762210e+01,3.634211599753973587e+01,3.634629981522209619e+01
1.790000000000000036e+00,3.688352725929642872e+01,3.690772842362351014e+01,3.691202444016185069e+01
1.800000000000000044e+00,3.743013036431943164e+01,3.745460993846858599e+01,3.745901563562699721e+01
1.810000000000000053e+00,3.795732509618291317e+01,3.798209494395688068e+01,3.798660754927163197e+01
1.820000000000000062e+00,3.846451573720791828e+01,3.848958776272969828e+01,3.849420426692500996e+01
1.830000000000000071e+00,3.895117791138303431e+01,3.897656381243088930e+01,3.898128098844600231e+01
1.840000000000000080e+00,3.941685934232913269e+01,3.944257036539553241e+01,3.944738478859512298e+01
1.850000000000000089e+00,3.986118020125118022e+01,3.988722690421505490e+01,3.989213497334797864e+01
1.860000000000000098e+00,4.028383305854824670e+01,4.031022508672127458e+01,4.031522304519734945e+01
1.870000000000000107e+00,4.068458245558274200e+01,4.071132833665832607e+01,4.071641229372890081e+01
1.880000000000000115e+00,4.106326411551955857e+01,4.109037107860515903e+01,4.109553703006041303e+01
1.890000000000000124e+00,4.141978381410529408e+01,4.144725763753338299e+01,4.145250148556843328e+01
1.900000000000000133e+00,4.175411593273330624e+01,4.178196082470866202e+01,4.178727839665857147e+01
1.910000000000000142e+00,4.206630171711582733e+01,4.209452023244722341e+01,4.209990729815221044e+01
1.919999999999999929e+00,4.235644726535676341e+01,4.238504026053566776e+01,4.239049254816665524e+01
1.929999999999999938e+00,4.262472126920331306e+01,4.265368789693422258e+01,4.265920110718855796e+01
1.939999999999999947e+00,4.287135253179109640e+01,4.290069027477318997e+01,4.290626009343669267e+01
1.949999999999999956e+00,4.309662728434896195e+01,4.312633202670190968e+01,4.313195413566566572e+01
1.959999999999999964e+00,4.330088632318964414e+01,4.333095245647424321e+01,4.333662254338652531e+01
1.969999999999999973e+00,4.348452198698628024e+01,4.351494254637922410e+01,4.352065631320270001e+01
1.979999999999999982e+00,4.364797499295878680e+01,4.367874181789680677e+01,4.368449498871871839e+01
1.989999999999999991e+00,4.379173114929310628e+01,4.382283506190469069e+01,4.382862339040946864e+01
2.000000000000000000e+00,4.391631796002520360e+01,4.394774895400756520e+01,4.395356823105710475e+01
2.010000000000000231e+00,4.402230113784315080e+01,4.405404857018422149e+01,4.405989463195754752e+01
2.020000000000000018e+00,4.411028103987271720e+01,4.414233381800014655e+01,4.414820255511591540e+01
2.030000000000000249e+00,4.418088904155063545e+01,4.421323579910561818e+01,4.421912316708629476e+01
2.040000000000000036e+00,4.423478386413751906e+01,4.426741311957992053e+01,4.427331515092055270e+01
2.049999999999999822e+00,4.427264787222717501e+01,4.430554816579780919e+01,4.431146098377654141e+01
2.060000000000000053e+00,4.429518335866185197e+01,4.432834336475072234e+01,4.433426319897741053e+01
2.069999999999999840e+00,4.430310883544296274e+01,4.433651744901644065e+01,4.434244065256480383e+01
2.080000000000000071e+00,4.429715535037711049e+01,4.433080174767703596e+01,4.433672481550291877e+01
2.089999999999999858e+00,4.427806285018217380e+01,4.431193652531332816e+01,4.431785611353375742e+01
2.100000000000000089e+00,4.424657661145563736e+01,4.428066739163526933e+01,4.428658033714330600e+01
2.109999999999999876e+00,4.420344376118201524e+01,4.423774180427468394e+01,4.424364514409926130e+01
2.120000000000000107e+00,4.414940990825206057e+01,4.418390568672843699e+01,4.418979667652044441e+01
2.129999999999999893e+00,4.408521590675952950e+01,4.411990018240112477e+01,4.412577631343791751e+01
2.140000000000000124e+00,4.401159477063780656e+01,4.404645856419269023e+01,4.405231757833885808e+01
2.149999999999999911e+00,4.392926875754518790e+01,4.396430331717076712e+01,4.397014321930909375e+01
2.160000000000000142e+00,4.383894663787160795e+01,4.387414340964438253e+01,4.387996247718871956e+01
2.169999999999999929e+00,4.374132116241481327e+01,4.377667176550757944e+01,4.378246855472174559e+01
2.180000000000000160e+00,4.363706673975182326e+01,4.367256294814395545e+01,4.367833629710822407e+01
2.189999999999999947e+00,4.352683733171725322e+01,4.356247106356759247e+01,4.356822009175107269e+01
2.200000000000000178e+00,4.341126457277999862e+01,4.344702788790409898e+01,4.345275199240834496e+01
2.209999999999999964e+00,4.329095611656779141e+01,4.332684122185506936e+01,4.333254007048971346e+01
2.220000000000000195e+00,4.316649421039036838e+01,4.320249347249440319e+01,4.320816699392400295e+01
2.229999999999999982e+00,4.303843449640573482e+01,4.307454046065402054e+01,4.308018883191588344e+01
2.240000000000000213e+00,4.290730503609352553e+01,4.294351045029321057e+01,4.294913408202930327e+01
2.250000000000000000e+00,4.277360555296684907e+01,4.280990339462261574e+01,4.281550291439357636e+01
2.260000000000000231e+00,4.263780688697023180e+01,4.267419039236998657e+01,4.267976662642986696e+01
2.270000000000000018e+00,4.250035065277671720e+01,4.253681334642427458e+01,4.254236730033097302e+01
2.280000000000000249e+00,4.236164909319599303e+01,4.239818481616127599e+01,4.240371765458410636e+01
2.290000000000000036e+00,4.222208511812143428e+01,4.225868805402154749e+01,4.226420108008468901e+01
2.300000000000000266e+00,4.208201251885274985e+01,4.211867721635633188e+01,4.212417185082892246e+01
2.310000000000000053e+00,4.194175634721121071e+01,4.197847773815898620e+01,4.198395549877113098e+01
2.319999999999999840e+00,4.180161344859027395e+01,4.183838686103560889e+01,4.184384934216515006e+01
2.330000000000000071e+00,4.166185313793101841e+01,4.169867430361536975e+01,4.170412315655699587e+01
2.339999999999999858e+00,4.152271800756073361e+01,4.155958306354134635e+01,4.156501997753638733e+01
2.350000000000000089e+00,4.138442485585794373e+01,4.142133034019578020e+01,4.142675702436998364e+01
2.359999999999999876e+00,4.124716572579695395e+01,4.128410856738462797e+01,4.128952673371166782e+01
2.370000000000000107e+00,4.111110904255638587e+01,4.114808654531807974e+01,4.115349789270169367e+01
2.379999999999999893e+00,4.097640083954314605e+01,4.101341066136959768e+01,4.101881686091260093e+01
2.390000000000000124e+00,4.084316606236805569e+01,4.088020618925837368e+01,4.088560887076778982e+01
2.399999999999999911e+00,4.071150994050887562e+01,4.074857865647845045e+01,4.075397939623758958e+01
2.410000000000000142e+00,4.058151941659970419e+01,4.061861526997968497e+01,4.062401557980363265e+01
2.419999999999999929e+00,4.045326462348974417e+01,4.049038639029096487e+01,4.049578770786907711e+01
2.430000000000000160e+00,4.032680039941718775e+01,4.036394704445911685e+01,4.036935072497760757e+01
2.439999999999999947e+00,4.020216783183963116e+01,4.023933846835703321e+01,4.024474577738633485e+01
2.450000000000000178e+00,4.007939582065734641e+01,4.011658966909310919e+01,4.012200177671674339e+01
2.459999999999999964e+00,3.995850265175334926e+01,3.999571899842791822e+01,4.000113697458453998e+01
2.470000000000000195e+00,3.983949757196378272e+01,3.987673572828138902e+01,3.988216053928578475e+01
2.479999999999999982e+00,3.972238235678020146e+01,3.975964161959058174e+01,3.976507412579569944e+01
2.490000000000000213e+00,3.960715286228152365e+01,3.964443247596442887e+01,3.964987343052256108e+01
2.500000000000000000e+00,3.949380055299629788e+01,3.953109967377695000e+01,3.953654972245523425e+01
2.510000000000000231e+00,3.938231398666431460e+01,3.941963164960584010e+01,3.942509133913317498e+01
2.520000000000000018e+00,3.927267997657466481e+01,3.931001506571922022e+01,3.931548488475787906e+01
2.530000000000000249e+00,3.916488400428242045e+01,3.920223522643260594e+01,3.920771561429339869e+01
2.540000000000000036e+00,3.905891033858665651e+01,3.909627620083384869e+01,3.910176754903746144e+01
2.550000000000000266e+00,3.895474213844290290e+01,3.899212092934499907e+01,3.899762358357303071e+01
2.560000000000000053e+00,3.885236155071070385e+01,3.888975132495039588e+01,3.889526558731981964e+01
2.569999999999999840e+00,3.875174980262330138e+01,3.878914836889327233e+01,3.879467450048609578e+01
2.580000000000000071e+00,3.865288728888970127e+01,3.869029220067103125e+01,3.869583042425563946e+01
2.589999999999999858e+00,3.855575365336807891e+01,3.859316220220189564e+01,3.859871270508710950e+01
2.600000000000000089e+00,3.846032786528539305e+01,3.849773707608648721e+01,3.850330001305439254e+01
2.609999999999999876e+00,3.836658829002178805e+01,3.840399491794929787e+01,3.840957041421697937e+01
2.620000000000000107e+00,3.827451275452871471e+01,3.831191328291347986e+01,3.831750143707826339e+01
2.629999999999999893e+00,3.818407860750730975e+01,3.822146924633961618e+01,3.822707013326625258e+01
2.640000000000000124e+00,3.809526277453652199e+01,3.813263945904058971e+01,3.813825313265348171e+01
2.649999999999999911e+00,3.800804180840741253e+01,3.804540019727107847e+01,3.805102669321865960e+01
2.660000000000000142e+00,3.792239193498780025e+01,3.795972740787541966e+01,3.796536674603851935e+01
2.669999999999999929e+00,3.783828909500959981e+01,3.787559674906126617e+01,3.788124893588172171e+01
2.680000000000000160e+00,3.775570898223345750e+01,3.779298362734229499e+01,3.779864865795301654e+01
2.689999999999999947e+00,3.767462707850231851e+01,3.771186323125922968e+01,3.771754109140176325e+01
2.700000000000000178e+00,3.759501868624045784e+01,3.763221056254017327e+01,3.763790123026063839e+01
2.709999999999999964e+00,3.751685895898797440e+01,3.755400046539490688e+01,3.755970391251447182e+01
2.720000000000000195e+00,3.744012293057632235e+01,3.747720765465159332e+01,3.748292384801218446e+01
2.729999999999999982e+00,3.736478554354997783e+01,3.740180674343471168e+01,3.740753564592606040e+01
2.740000000000000213e+00,3.729082167741773901e+01,3.732777227105091100e+01,3.733351384242905624e+01
2.750000000000000000e+00,3.721820617727677671e+01,3.725507873169225093e+01,3.726083292920465340e+01
2.760000000000000231e+00,3.714691388329223543e+01,3.718370060448814485e+01,3.718946738332407165e+01
2.770000000000000018e+00,3.707691966143690365e+01,3.711361238533817897e+01,3.711939169892677626e+01
2.780000000000000249e+00,3.700819843580153190e+01,3.704478862084305746e+01,3.705058042102456994e+01
2.790000000000000036e+00,3.694072522268064773e+01,3.697720394452372261e+01,3.698300818162155679e+01
2.800000000000000266e+00,3.687447516652407842e+01,3.691083311538537259e+01,3.691664973820819995e+01
2.810000000000000053e+00,3.680942357772681106e+01,3.684565105874791868e+01,3.685148001455218036e+01
2.819999999999999840e+00,3.674554597211317031e+01,3.678163290913460060e+01,3.678747414357717105e+01
2.830000000000000071e+00,3.668281811186031405e+01,3.671875405488944466e+01,3.672460751199965756e+01
2.839999999999999858e+00,3.662121604750624471e+01,3.665699018408849241e+01,3.666285580628681373e+01
2.850000000000000089e+00,3.656071616060055618e+01,3.659631733122136410e+01,3.660219505940902707e+01
2.859999999999999876e+00,3.650129520648774673e+01,3.653671192405229107e+01,3.654260169779293221e+01
2.870000000000000107e+00,3.644293035666241565e+01,3.647815083002431180e+01,3.648405258783435556e+01
2.879999999999999893e+00,3.638559924010569091e+01,3.642061140154685006e+01,3.642652508130650801e+01
2.890000000000000124e+00,3.632927998300181116e+01,3.636407151950425742e+01,3.636999705899584967e+01
2.899999999999999911e+00,3.627395124624212741e+01,3.630850963433977086e+01,3.631444697191499671e+01
2.910000000000000142e+00,3.621959226014839572e+01,3.625390480410194982e+01,3.625985387947373084e+01
2.919999999999999929e+00,3.616618285588641868e+01,3.620023672888574851e+01,3.620619748403581184e+01
2.930000000000000160e+00,3.611370349308986505e+01,3.614748578115606392e+01,3.615345816134435353e+01
2.939999999999999947e+00,3.606213528327246109e+01,3.609563303150204661e+01,3.610161698635973693e+01
2.950000000000000178e+00,3.601146000866740593e+01,3.604466026943401857e+01,3.605065575411911993e+01
2.959999999999999964e+00,3.596166013619723145e+01,3.599455001889947425e+01,3.600055699529077913e+01
2.970000000000000195e+00,3.591271882633957091e+01,3.594528554825633648e+01,3.595130398616028344e+01
2.979999999999999982e+00,3.586461993671493076e+01,3.589685087450138212e+01,3.590288075284561131e+01
2.990000000000000213e+00,3.581734802027924047e+01,3.584923076160770705e+01,3.585527206959541502e+01
3.000000000000000000e+00,3.577088831805667013e+01,3.580241071287773025e+01,3.580846345107774908e+01
3.010000000000000231e+00,3.572522674639701989e+01,3.575637695726855014e+01,3.576244113861822882e+01
3.020000000000000018e+00,3.568034987878745312e+01,3.571111642969528788e+01,3.571719208039560556e+01
3.030000000000000249e+00,3.563624492229174479e+01,3.566661674536680948e+01,3.567270390565192884e+01
3.040000000000000036e+00,3.559289968873212473e+01,3.562286616825856811e+01,3.562896489302561776e+01
3.050000000000000266e+00,3.555030256077188966e+01,3.557985357388038494e+01,3.558596393316844342e+01
3.060000000000000053e+00,3.550844245310099012e+01,3.553756840655454141e+01,3.554369048586512037e+01
3.070000000000000284e+00,3.546730876897375140e+01,3.549600063148022855e+01,3.550213453193519086e+01
3.080000000000000071e+00,3.542689135239844944e+01,3.545514068192793644e+01,3.546128652026353478e+01
3.089999999999999858e+00,3.538718043633222976e+01,3.541497940197734806e+01,3.542113731037562019e+01
3.100000000000000089e+00,3.534816658729219085e+01,3.537550798528634743e+01,3.538167811104784022e+01
3.109999999999999876e+00,3.530984064685299018e+01,3.533671791045436095e+01,3.534290041551727768e+01
3.120000000000000107e+00,3.527219367056247989e+01,3.529860087361756626e+01,3.530479593393025084e+01
3.129999999999999893e+00,3.523521686486598981e+01,3.526114871898489866e+01,3.526735652373903918e+01
3.140000000000000124e+00,3.519890152268735051e+01,3.522435336808842266e+01,3.523057411882106749e+01
3.149999999999999911e+00,3.516323895836512037e+01,3.518820674857650488e+01,3.519444065814878542e+01
3.160000000000000142e+00,3.512822044268527577e+01,3.515270072342073604e+01,3.515894801488115462e+01
3.169999999999999929e+00,3.509383713878251854e+01,3.511782702143320023e+01,3.512408792677314295e+01
3.180000000000000160e+00,3.506008003970010378e+01,3.508357716999963571e+01,3.508985192880809478e+01
3.189999999999999947e+00,3.502693990839964755e+01,3.504994243092093598e+01,3.505623128894558960e+01
3.200000000000000178e+00,3.499440722099588896e+01,3.501691374022228587e+01,3.502321694784376405e+01
3.209999999999999964e+00,3.496247211395729693e+01,3.498448165273338617e+01,3.499079946335989177e+01
3.220000000000000195e+00,3.493112433595947408e+01,3.495263629216653101e+01,3.495896896055678837e+01
3.229999999999999982e+00,3.490035320500682303e+01,3.492136730732315897e+01,3.492771508784645818e+01
3.240000000000000213e+00,3.487014757134902965e+01,3.489066383494550649e+01,3.489702697978925272e+01
3.250000000000000000e+00,3.484049578661583269e+01,3.486051446960310329e+01,3.486689322694026316e+01
3.260000000000000231e+00,3.481138567947881057e+01,3.483090724086652301e+01,3.483730185299742033e+01
3.270000000000000018e+00,3.478280453802576488e+01,3.480182959787893537e+01,3.480824029936436403e+01
3.280000000000000249e+00,3.475473909890682478e+01,3.477326840129329355e+01,3.477969541709843782e+01
3.290000000000000036e+00,3.472717554318520428e+01,3.474520992240590544e+01,3.475165346607722938e+01
3.300000000000000266e+00,3.470009949870411248e+01,3.471763984918931811e+01,3.472410012108807820e+01
3.310000000000000053e+00,3.467349604866960533e+01,3.469054329881377896e+01,3.469702048443249254e+01
3.320000000000000284e+00,3.464734974605053708e+01,3.466390483615134599e+01,3.467039910453966911e+01
3.330000000000000071e+00,3.462164463331425424e+01,3.463770849768259552e+01,3.464422000000958235e+01
3.339999999999999858e+00,3.459636426695491451e+01,3.461193782017447518e+01,3.461846668845353037e+01
3.350000000000000089e+00,3.457149174622876586e+01,3.458657587347155982e+01,3.459312221947221389e+01
3.359999999999999876e+00,3.454700974549201220e+01,3.456160529674075121e+01,3.456816921110845442e+01
3.370000000000000107e+00,3.452290054953841292e+01,3.453700833752937882e+01,3.454358988913053707e+01
3.379999999999999893e+00,3.449914609135758781e+01,3.451276689303911382e+01,3.451936612854296982e+01
3.390000000000000124e+00,3.447572799177535074e+01,3.448886255307626669e+01,3.449547949677985059e+01
3.399999999999999911e+00,3.445262760049530470e+01,3.446527664421222426e+01,3.447191129810737209e+01
3.410000000000000142e+00,3.442982603812890119e+01,3.444199027476895481e+01,3.444864261884358569e+01
3.419999999999999929e+00,3.440730423887747946e+01,3.441898438032981744e+01,3.442565437308860510e+01
3.430000000000000160e+00,3.438504299360830885e+01,3.439623976955939355e+01,3.440292734874186209e+01
3.439999999999999947e+00,3.436302299314313302e+01,3.437373717019251984e+01,3.438044225366086692e+01
3.450000000000000178e+00,3.434122487164664506e+01,3.435145727511761038e+01,3.435817976188099721e+01
3.459999999999999964e+00,3.431962925005974085e+01,3.432938078852693309e+01,3.433612055986534983e+01
3.470000000000000195e+00,3.429821677956378778e+01,3.430748847213449437e+01,3.431424539278314256e+01
3.479999999999999982e+00,3.427696818508322707e+01,3.428576119146597279e+01,3.429253511082065131e+01
3.490000000000000213e+00,3.425586430883465283e+01,3.426417996220479267e+01,3.427097071551051499e+01
3.500000000000000000e+00,3.423488615390500911e+01,3.424272599653161109e+01,3.424953340601997809e+01
3.510000000000000231e+00,3.421401492779470033e+01,3.422138074932291829e+01,3.422820462526966878e+01
3.520000000000000018e+00,3.419323208578907014e+01,3.420012596398027682e+01,3.420696610566135121e+01
3.530000000000000249e+00,3.417251937392964578e+01,3.417894371754811544e+01,3.418579991408117280e+01
3.540000000000000036e+00,3.415185887124601294e+01,3.415781646464942867e+01,3.416468849571757715e+01
3.550000000000000266e+00,3.413123303078607051e+01,3.413672707963209518e+01,3.414361471609649357e+01
3.560000000000000053e+00,3.411062471885158942e+01,3.411565889617984482e+01,3.412256190059805760e+01
3.570000000000000284e+00,3.409001725171518160e+01,3.409459574350991318e+01,3.410151387058652972e+01
3.580000000000000071e+00,3.406939442897037651e+01,3.407352197816233996e+01,3.408045497516638278e+01
3.589999999999999858e+00,3.404874056255835768e+01,3.405242251029203970e+01,3.405937011748263643e+01
3.600000000000000089e+00,3.402804050042932715e+01,3.403128282331499577e+01,3.403824477442104524e+01
3.609999999999999876e+00,3.400727964374416956e+01,3.401008898574077932e+01,3.401706500854224657e+01
3.620000000000000107e+00,3.398644395650998717e+01,3.398882765405518569e+01,3.399581747111247410e+01
3.629999999999999893e+00,3.396551996657851902e+01,3.396748606560455386e+01,3.397448939517850874e+01
3.640000000000000124e+00,3.394449475702728591e+01,3.394605202058417603e+01,3.395306857778184195e+01
3.649999999999999911e+00,3.392335594709248880e+01,3.392451385244871886e+01,3.393154335062026661e+01
3.660000000000000142e+00,3.390209166203455737e+01,3.390286038634449284e+01,3.390990253874332438e+01
3.669999999999999929e+00,3.388069049159062018e+01,3.388108088550739438e+01,3.388813540721099571e+01
3.680000000000000160e+00,3.385914143700078682e+01,3.385916498597025281e+01,3.386623159604204858e+01
3.689999999999999947e+00,3.383743384697952195e+01,3.383710262036651528e+01,3.384418104422136508e+01
3.700000000000000178e+00,3.381555734342922648e+01,3.381488393208862675e+01,3.382197390400605030e+01
3.709999999999999964e+00,3.379350173814385982e+01,3.379249918153659138e+01,3.379960044724847279e+01
3.720000000000000195e+00,3.377125694220888619e+01,3.376993864665234213e+01,3.377705096591552092e+01
3.729999999999999982e+00,3.374881287024329168e+01,3.374719252034858386e+01,3.375431566939934669e+01
3.740000000000000213e+00,3.372615934202737265e+01,3.372425080777892958e+01,3.373138458155666086e+01
3.750000000000000000e+00,3.370328598438518242e+01,3.370110322663029478e+01,3.370824744065254919e+01
3.760000000000000231e+00,3.368018213641742875e+01,3.367773911372171369e+01,3.368489360549372691e+01
3.770000000000000018e+00,3.365683676128273305e+01,3.365414734114704487e+01,3.366131197099662842e+01
3.780000000000000249e+00,3.363323836768289254e+01,3.363031624498994887e+01,3.363749089623296129e+01
3.790000000000000036e+00,3.360937494400674552e+01,3.360623356926510041e+01,3.361341814762926816e+01
3.800000000000000266e+00,3.358523390772551664e+01,3.358188642721143680e+01,3.358908085947564359e+01
3.810000000000000053e+00,3.356080207211704192e+01,3.355726128140378250e+01,3.356446551324518879e+01
3.820000000000000284e+00,3.353606563174632527e+01,3.353234394339110480e+01,3.353955793647302386e+01
3.830000000000000071e+00,3.351101016738034133e+01,3.350711959276085139e+01,3.351434332113677073e+01
3.839999999999999858e+00,3.348562067020446875e+01,3.348157281471630142e+01,3.348880626066813448e+01
3.850000000000000089e+00,3.345988158438985494e+01,3.345568765449584703e+01,3.346293080396333863e+01
3.859999999999999876e+00,3.343377686628733159e+01,3.342944768630746211e+01,3.343670052409856908e+01
3.870000000000000107e+00,3.340729005784930905e+01,3.340283609394658981e+01,3.341009859894115408e+01
3.879999999999999893e+00,3.338040437135132521e+01,3.337583575994244001e+01,3.338310790051253463e+01
3.890000000000000124e+00,3.335310278214045354e+01,3.334842935995804680e+01,3.335571108982453836e+01
3.899999999999999911e+00,3.332536812599894915e+01,3.332059945925417566e+01,3.332789071398109115e+01
3.910000000000000142e+00,3.329718319778768887e+01,3.329232860830513374e+01,3.329962930260029452e+01
3.919999999999999929e+00,3.326853084831328999e+01,3.326359943509515915e+01,3.327090946104063107e+01
3.930000000000000160e+00,3.323939407682053826e+01,3.323439473218936513e+01,3.324171395846910571e+01
3.939999999999999947e+00,3.320975611710572650e+01,3.320469753731097740e+01,3.321202580944182614e+01
3.950000000000000178e+00,3.317960051592908854e+01,3.317449120681811792e+01,3.318182834832639116e+01
3.959999999999999964e+00,3.314891120311761341e+01,3.314375948210431488e+01,3.315110529652916682e+01
3.970000000000000195e+00,3.311767255344065575e+01,3.311248654950253467e+01,3.311984082305350086e+01
3.979999999999999982e+00,3.308586944095615223e+01,3.308065709471566151e+01,3.308801959936897674e+01
3.990000000000000213e+00,3.305348728702461614e+01,3.304825635310008636e+01,3.305562684988913702e+01
4.000000000000000000e+00,3.302051210353936028e+01,3.301527015728016323e+01,3.302264839952344033e+01
4.009999999999999787e+00,3.298693053310771717e+01,3.298168498356946543e+01,3.298907071978314320e+01
4.020000000000000462e+00,3.295272988793470148e+01,3.294748799852925458e+01,3.295488097479270095e+01
4.030000000000000249e+00,3.291789818901848719e+01,3.291266710672807250e+01,3.292006706830596841e+01
4.040000000000000036e+00,3.288242420698488644e+01,3.287721100040493383e+01,3.288461769247807354e+01
4.049999999999999822e+00,3.284629750549711247e+01,3.284110921131799898e+01,3.284852237873145242e+01
4.060000000000000497e+00,3.280950848771194472e+01,3.280435216461353320e+01,3.281177155061298834e+01
4.070000000000000284e+00,3.277204844575383902e+01,3.276693123411355657e+01,3.277435657810338654e+01
4.080000000000000071e+00,3.273390961268098920e+01,3.272883879802385820e+01,3.273626983243997302e+01
4.089999999999999858e+00,3.269508521596031869e+01,3.269006829373572742e+01,3.269750474017889985e+01
4.099999999999999645e+00,3.265556953108006866e+01,3.265061427015226059e+01,3.265805583497059672e+01
4.110000000000000320e+00,3.261535793363317026e+01,3.261047243582799382e+01,3.261791880536735277e+01
4.120000000000000107e+00,3.257444694801866092e+01,3.256963970117120510e+01,3.257709053692977363e+01
4.129999999999999893e+00,3.253283429083695921e+01,3.252811421302152439e+01,3.253556914694751612e+01
4.139999999999999680e+00,3.249051890709825585e+01,3.248589538006916655e+01,3.249335401023118663e+01
4.150000000000000355e+00,3.244750099751253458e+01,3.244298388781601261e+01,3.245044577465278479e+01
4.160000000000000142e+00,3.240378203536941015e+01,3.239938170207085477e+01,3.240684636539615582e+01
4.169999999999999929e+00,3.235936477182747950e+01,3.235509206030521767e+01,3.236255897720469932e+01
4.179999999999999716e+00,3.231425322879420037e+01,3.231011945055040968e+01,3.231758805426366621e+01
4.190000000000000391e+00,3.226845267896567293e+01,3.226446957787208447e+01,3.227193925770843208e+01
4.200000000000000178e+00,3.222196961298818962e+01,3.221814931879893606e+01,3.222561942109195599e+01
4.209999999999999964e+00,3.217481169408310393e+01,3.217116666439459749e+01,3.217863649445894225e+01
4.219999999999999751e+00,3.212698770082299404e+01,3.212353065293330445e+01,3.213099947795232936e+01
4.230000000000000426e+00,3.207850745905225409e+01,3.207525129336739411e+01,3.208271834611041839e+01
4.240000000000000213e+00,3.202938176419687011e+01,3.202633948095193261e+01,3.203380396419738929e+01
4.250000000000000000e+00,3.197962229540513945e+01,3.197680690652032354e+01,3.198426799804600762e+01
4.259999999999999787e+00,3.192924152310098052e+01,3.192666596098590759e+01,3.193412281897893479e+01
4.270000000000000462e+00,3.187825261161695778e+01,3.187592963668283730e+01,3.188338140542026267e+01
4.280000000000000249e+00,3.182666931861075099e+01,3.182461142715963831e+01,3.183205724281427607e+01
4.290000000000000036e+00,3.177450589296122629e+01,3.177272522700638291e+01,3.178016422344074243e+01
4.299999999999999822e+00,3.172177697279662567e+01,3.172028523323793792e+01,3.172771654766113514e+01
4.310000000000000497e+00,3.166849748523355146e+01,3.166730584967468687e+01,3.167472862805178124e+01
4.320000000000000284e+00,3.161468254930904109e+01,3.161380159566534687e+01,3.162121499778478295e+01
4.330000000000000071e+00,3.156034738347339186e+01,3.155978702038618522e+01,3.156719022450802470e+01
4.339999999999999858e+00,3.150550721888534511e+01,3.150527662383082017e+01,3.151266883085577675e+01
4.350000000000000533e+00,3.145017721961568213e+01,3.145028478547758510e+01,3.145766522259324205e+01
4.360000000000000320e+00,3.139437241072432272e+01,3.139482570148756579e+01,3.140219362526426750e+01
4.370000000000000107e+00,3.133810761503142217e+01,3.133891333114809896e+01,3.134626803007157037e+01
4.379999999999999893e+00,3.128139739925549279e+01,3.128256135313417019e+01,3.128990214957488547e+01
4.389999999999999680e+00,3.122425603004275629e+01,3.122578313201319489e+01,3.123310938364460654e+01
4.400000000000000355e+00,3.116669744026128797e+01,3.116859169526886220e+01,3.117590279595656000e+01
4.410000000000000142e+00,3.110873520578179452e+01,3.111099972096586797e+01,3.111829510115853736e+01
4.419999999999999929e+00,3.105038253281383831e+01,3.105301953602023701e+01,3.106029866268076489e+01
4.429999999999999716e+00,3.099165225571139715e+01,3.099466312487962938e+01,3.100192550100071287e+01
4.440000000000000391e+00,3.093255684500602953e+01,3.093594214825472832e+01,3.094318731200821304e+01
4.450000000000000178e+00,3.087310842526812849e+01,3.087686797137645556e+01,3.088409549494984319e+01
4.459999999999999964e+00,3.081331880223849495e+01,3.081745170108554532e+01,3.082466118926163645e+01
4.469999999999999751e+00,3.075319949851265733e+01,3.075770423089108974e+01,3.076489531942934263e+01
4.480000000000000426e+00,3.069276179690094963e+01,3.069763629296399543e+01,3.070480864684334676e+01
4.490000000000000213e+00,3.063201679042780512e+01,3.063725851586174187e+01,3.064441182744525349e+01
4.500000000000000000e+00,3.057097543777697979e+01,3.057658148661423070e+01,3.058371547379583433e+01
4.509999999999999787e+00,3.050964862283586143e+01,3.051561581563980496e+01,3.052273022003214109e+01
4.520000000000000462e+00,3.044804721684571547e+01,3.045437220281001700e+01,3.046146678803014396e+01
4.530000000000000249e+00,3.038618214152868191e+01,3.039286150284647547e+01,3.039993605295307333e+01
4.540000000000000036e+00,3.032406443144208552e+01,3.033109478812029280e+01,3.033814910625055461e+01
4.549999999999999822e+00,3.026170529371185225e+01,3.026908340684235554e+01,3.027611731409028906e+01
4.560000000000000497e+00,3.019911616322863779e+01,3.020683903459086039e+01,3.021385236915985573e+01
4.570000000000000284e+00,3.013630875135990550e+01,3.014437371713253455e+01,3.015136633378426367e+01
4.580000000000000071e+00,3.007329508625134906e+01,3.008169990256719117e+01,3.008867167237553630e+01
4.589999999999999858e+00,3.001008754287005686e+01,3.001883046097378127e+01,3.002578127137712372e+01
4.600000000000000533e+00,2.994669886109328871e+01,2.995577868996993942e+01,2.996270844509775699e+01
4.610000000000000320e+00,2.988314215037783228e+01,2.989255830492452759e+01,2.989946692615520973e+01
4.620000000000000107e+00,2.981943087986452667e+01,2.982918341298613996e+01,2.983607083967321216e+01
4.629999999999999893e+00,2.975557885318318085e+01,2.976566847060822951e+01,2.977253466089270262e+01
4.639999999999999680e+00,2.969160016772136501e+01,2.970202822485155991e+01,2.970887315646000104e+01
4.650000000000000355e+00,2.962750915869748880e+01,2.963827763940677684e+01,2.964510131031997275e+01
4.660000000000000142e+00,2.956332032901339346e+01,2.957443180697509177e+01,2.958123423584169842e+01
4.669999999999999929e+00,2.949904826652691270e+01,2.951050585033128826e+01,2.951728707649748529e+01
4.679999999999999716e+00,2.943470755104187120e+01,2.944651481502526025e+01,2.945327489805545440e+01
4.690000000000000391e+00,2.937031265391519597e+01,2.938247355720186604e+01,2.938921257577961299e+01
4.700000000000000178e+00,2.930587783367915478e+01,2.931839663038402932e+01,2.932511468050612535e+01
4.709999999999999964e+00,2.924141703141755144e+01,2.925429817522356757e+01,2.926099536763452846e+01
4.719999999999999751e+00,2.917694376977480175e+01,2.919019181614670799e+01,2.919686827300460763e+01
4.730000000000000426e+00,2.911247105937991364e+01,2.912609056849216671e+01,2.913274641930768993e+01
4.740000000000000213e+00,2.904801131611974441e+01,2.906200675916827691e+01,2.906864213611424930e+01
4.750000000000000000e+00,2.898357629210294917e+01,2.899795196307731260e+01,2.900456699582165143e+01
4.759999999999999787e+00,2.891917702235277332e+01,2.893393695662797072e+01,2.894053176689430984e+01
4.770000000000000462e+00,2.885482378831027717e+01,2.886997168865966756e+01,2.887654638476104907e+01
4.780000000000000249e+00,2.879052609820045916e+01,2.880606526812153945e+01,2.881261993974007041e+01
4.790000000000000036e+00,2.872629268330337027e+01,2.874222596697535081e+01,2.874876068046859956e+01
4.799999999999999822e+00,2.866213150827585210e+01,2.867846123609989561e+01,2.868497603060283296e+01
4.810000000000000497e+00,2.859804979297081928e+01,2.861477773152332915e+01,2.862127261608019424e+01
4.820000000000000284e+00,2.853405404276384871e+01,2.855118134812515152e+01,2.855765630003248745e+01
4.830000000000000071e+00,2.847015008425395877e+01,2.848767725803089235e+01,2.849413222250345612e+01
4.839999999999999858e+00,2.840634310335665091e+01,2.842426995123577171e+01,2.843070484242858953e+01
4.850000000000000533e+00,2.834263768321774535e+01,2.836096327648571247e+01,2.836737797982369713e+01
4.860000000000000320e+00,2.827903783998518250e+01,2.829776048104349684e+01,2.830415485673301035e+01
4.870000000000000107e+00,2.821554705520216189e+01,2.823466424860156820e+01,2.824103813613237079e+01
4.879999999999999893e+00,2.815216830434237494e+01,2.817167673520052418e+01,2.817802995859684501e+01
4.889999999999999680e+00,2.808890408171436093e+01,2.810879960351792306e+01,2.811513197706675626e+01
4.900000000000000355e+00,2.802575642255035504e+01,2.804603405626489021e+01,2.805234539044013431e+01
4.910000000000000142e+00,2.796272692351705302e+01,2.798338086964894700e+01,2.798967097695906148e+01
4.919999999999999929e+00,2.789981676312003955e+01,2.792084042792773246e+01,2.792710912844077598e+01
4.929999999999999716e+00,2.783702672351710916e+01,2.785841276000266475e+01,2.786465988634091673e+01
4.940000000000000391e+00,2.777435721512836153e+01,2.779609757880787768e+01,2.780232298045098460e+01
4.950000000000000178e+00,2.771180830516239979e+01,2.773389432396804466e+01,2.774009787075332767e+01
4.959999999999999964e+00,2.764937975080832189e+01,2.767180220786036671e+01,2.767798379261898489e+01
4.969999999999999751e+00,2.758707103741327415e+01,2.760982026485291740e+01,2.761597980516602391e+01
4.980000000000000426e+00,2.752488142151400297e+01,2.754794740313072410e+01,2.755408484223022469e+01
4.990000000000000213e+00,2.746280997815208380e+01,2.748618245818730799e+01,2.749229776505845990e+01
5.000000000000000000e+00,2.740085565150473457e+01,2.742452424677098932e+01,2.743061741553933075e+01
