method,dt,native_passivity,physical_step_passivity,physical_cumulative_passivity,balance_step_max,balance_step_min,balance_step_abs,balance_cumulative_abs,total_dissipation
BDF1,1.0000000000000000e-02,0.0000000000000000e+00,0.0000000000000000e+00,0.0000000000000000e+00,3.2014035267204435e-04,-6.9575702342652632e-03,6.9575702342652632e-03,5.2646263193031118e-01,2.6251065635861885e+01
BDF1,5.0000000000000001e-03,0.0000000000000000e+00,0.0000000000000000e+00,0.0000000000000000e+00,7.9143723970127172e-05,-1.7397494477762177e-03,1.7397494477762177e-03,2.6381855907158425e-01,2.6310401834450595e+01
BDF1,2.5000000000000001e-03,0.0000000000000000e+00,0.0000000000000000e+00,0.0000000000000000e+00,1.9671222531165988e-05,-4.3506874957178338e-04,4.3506874957178338e-04,1.3206784471014998e-01,2.6340243024860776e+01
BDF2,1.0000000000000000e-02,0.0000000000000000e+00,0.0000000000000000e+00,0.0000000000000000e+00,1.2305208259685146e-03,-9.8822173756094034e-04,1.2305208259685146e-03,7.8674560533047000e-02,2.6392334728833827e+01
BDF2,5.0000000000000001e-03,0.0000000000000000e+00,0.0000000000000000e+00,0.0000000000000000e+00,3.1621058294999810e-04,-2.4303436789692434e-04,3.1621058294999810e-04,4.0635610034017944e-02,2.6383462620541980e+01
BDF2,2.5000000000000001e-03,0.0000000000000000e+00,0.0000000000000000e+00,0.0000000000000000e+00,8.0135447834563112e-05,-6.0244877570246602e-05,8.0135447834563112e-05,2.0642308897079076e-02,2.6377398265677044e+01
Midpoint,1.0000000000000000e-02,nan,0.0000000000000000e+00,0.0000000000000000e+00,2.7909396897729533e-07,-6.6581162538881244e-07,6.6581162538881244e-07,5.6826285725009029e-05,2.6369157567153252e+01
Midpoint,5.0000000000000001e-03,nan,0.0000000000000000e+00,0.0000000000000000e+00,3.4888825252432643e-08,-8.3230432004754995e-08,8.3230432004754995e-08,1.4206781909109623e-05,2.6369971042012121e+01
Midpoint,2.5000000000000001e-03,nan,0.0000000000000000e+00,0.0000000000000000e+00,4.3611642838725651e-09,-1.0403770893396835e-08,1.0403770893396835e-08,3.5517070600121770e-06,2.6370174407580151e+01
